artist,genre
Drake,rap
G-Eazy,Unknown
Snoop Dogg,g-funk
Migos,trap
Tyga,Unknown
The Weeknd,Unknown
Kehlani,Unknown
Era Istrefi,Unknown
Rahat Fateh Ali Khan,sufi
Salim–Sulaiman,bollywood
Post Malone,Unknown
Kanye West,rap
Ty Dolla $ign,Unknown
Kendrick Lamar,hip hop
The Mayries,bedroom pop
Imran Khan,bhangra
Jal,Unknown
Abdullah Qureshi,sufi
Sajjad Ali,ghazal
Nabeel Shaukat Ali,sufi
Mehdi Maloof,indian indie
Saakin,sufi
Strings,desi pop
Call,hindi indie
Kaavish,hindi indie
Bayaan,indian indie
Dr Zeus,bhangra
Rouge,bhangra
Jazzy B,bhangra
Sukhbir,bhangra
Jay Sean,Unknown
Bombay Rockers,desi pop
Rishi Rich,bhangra
Juggy D,bhangra
"RDB feat. Manjeet Singh, MC Metz & MC Trix",desi hip hop
21 Savage,Unknown
DJ Khaled,Unknown
London On Da Track,Unknown
Ella Mai,r&b
Tory Lanez,Unknown
Mustard,Unknown
Summer Walker,r&b
Rick Ross,southern hip hop
Rishabh,Unknown
Atif Aslam,bollywood
Mithoon,bollywood
Little Mix,Unknown
Steve James,Unknown
Backstreet Boys,Unknown
Jesse McCartney,Unknown
Bella Thorne,Unknown
Conor Maynard,Unknown
Maroon 5,pop
Twenty One Pilots,Unknown
Imagine Dragons,Unknown
Panic! At The Disco,emo
Highly Suspect,modern rock
Bohnes,Unknown
Weathers,Unknown
Sleeping With Sirens,emo
Fearless Soul,Unknown
Pritam,bollywood
Nusrat Fateh Ali Khan,qawwali
The Chainsmokers,Unknown
Dua Lipa,pop
Landon Austin,acoustic pop
Camila Cabello,pop
Jason Derulo,Unknown
David Guetta,edm
MEDUZA,Unknown
Selena Gomez,pop
Khalid,qawwali
AP Dhillon,punjabi hip hop
King,desi hip hop
Caps,desi
AFKAP,desi hip hop
Bali,desi hip hop
Gajendra Verma,hindi pop
VIBIE,lo-fi
Vilen,hindi indie
Harry Styles,Unknown
Ritviz,indian indie
Ajey Nagar (CarryMinati),hindi hip hop
DIVINE,hindi hip hop
KR$NA,desi hip hop
Dino James,hindi hip hop
Arijit Singh,hindi pop
The Neighbourhood,Unknown
Bruno Mars,Unknown
Shankar-Ehsaan-Loy,bollywood
A.R. Rahman,tamil pop
One Direction,Unknown
Varinder Brar,punjabi hip hop
Farhan Akhtar,bollywood
Salman Ali,sufi
Altamash Faridi,bollywood
Sanam,sufi
Adnan Dhool,qawwali
Javed-Mohsin,bollywood
Badshah,bollywood
Mohammed Irfan,hindi pop
Alka Yagnik,bollywood
Vishal Dadlani,bollywood
Shamoon Ismail,indian indie
Talha Anjum,desi hip hop
The Kid LAROI,Unknown
24kGoldn,Unknown
Hemant Kumar,bangla pop
Himesh Reshammiya,bollywood
Asim Azhar,desi
KK,bollywood
Danny Zee,indian indie
B Praak,hindi pop
Vdj Iqra,desi hip hop
Ed Sheeran,soft pop
Witt Lowry,Unknown
Gurnam Bhullar,bhangra
Jeet Gannguli,bangla pop
Dream Note,indian indie
Johnny Orlando,Unknown
Dream,qawwali
Ali Gatie,Unknown
Justin Bieber,Unknown
DaBaby,Unknown
Clean Bandit,Unknown
Sidhu Moose Wala,punjabi hip hop
Guru Randhawa,bhangra
Kumar Sanu,bollywood
Jaspinder Narula,bollywood
Abhijeet,bollywood
Sonu Nigam,kannada pop
Udit Narayan,bollywood
Nadeem Shravan,Unknown
Vishal-Shekhar,bollywood
Bohemia,punjabi hip hop
Prem Dhillon,punjabi pop
Young Stunners,desi hip hop
Talhah Yunus,desi hip hop
BTS,k-pop
Param Singh,punjabi pop
Loka,hindi hip hop
Karma,desi hip hop
Hasan Raheem,indian indie
MC Altaf,desi hip hop
Dhruv Sthetick,desi hip hop
Ikka,desi hip hop
Fotty Seven,desi hip hop
Sunny Khan Durrani,desi hip hop
Sez on the Beat,desi hip hop
Karan Randhawa,punjabi pop
Parmish Verma,punjabi pop
Chani Nattan,punjabi hip hop
Nucleya,indian indie
Prem & Hardeep,desi pop
Rixton,Unknown
Ariana Grande,pop
Annural Khalid,indian indie
Jokhay,desi hip hop
Rap Demon,desi hip hop
Faris Shafi,desi hip hop
Abida Parveen,sufi
Tanishk Bagchi,bollywood
Trevor Daniel,Unknown
Travis Scott,rap
JJ47,desi hip hop
Fareed Ayaz Abu Muhammad Qawwal,qawwali
HRVY,Unknown
Meet Bros.,bollywood
Talal Qureshi,indian indie
Mustafa Zahid,bollywood
Sadiq Hussain,qawwali
Ali Zafar,qawwali
Yo Yo Honey Singh,bollywood
Kshitij Tarey,sufi
Shafqat Amanat Ali,bollywood
The Bilz & Kashif,Unknown
Bilal Saeed,punjabi pop
Vicky Singh,Unknown
Sehar Gul Khan,qawwali
Jubin Nautiyal,bhajan
Charlie Puth,soft pop
Abeer Arora,desi pop
Sachin-Jigar,gujarati pop
Shreya Ghoshal,bollywood
The Script,Unknown
Ami Mishra,bollywood
Shrey Singhal,Unknown
Becky G,reggaeton
Amaal Mallik,bollywood
Jasleen Royal,hindi pop
Greg Laswell,Unknown
Enrique Iglesias,latin pop
Aima Baig,desi
Rajat Nagpal,hindi pop
Sachet Tandon,bhajan
Akhil Sachdeva,hindi pop
Vishal Mishra,hindi pop
ZAYN,Unknown
Bazzi,Unknown
CJ,Unknown
DJ Snake,Unknown
Cheat Codes,Unknown
SoFaygo,rage rap
Nick Jonas,Unknown
French Montana,Unknown
Anupam Roy,bangla pop
Pink Sweat$,Unknown
FILV,Unknown
SLAP HOUSE MAFIA,slap house
Sahir Ali Bagga,sufi
Ali Sethi,ghazal
Wiz Khalifa,rap
Kun Faya Kun,indian indie
Noori,sufi
Morgan Saint,Unknown
mgk,Unknown
phem,Unknown
Paulz,Unknown
Lata Mangeshkar,ghazal
Serena,Unknown
Arizona Zervas,Unknown
Tulsi Kumar,bollywood
Amit Trivedi,bollywood
Demi Lovato,Unknown
5 Seconds of Summer,Unknown
Aarsh Benipal,punjabi pop
Coolio,west coast hip hop
Adnan Sami,sufi
Taylor Swift,Unknown
iann dior,melodic rap
Saad Sultan,sufi
【kirash】,Unknown
Swedish House Mafia,edm
Gurinder Gill,punjabi hip hop
Maninder Buttar,punjabi pop
Zaeden,indian indie
Bharatt-Saurabh,tollywood
Neeti Mohan,bollywood
Olivia Rodrigo,Unknown
Ellie Goulding,Unknown
Tate McRae,Unknown
Shaan,bollywood
Coldplay,Unknown
Bryson Tiller,r&b
Nirmal Roy,Unknown
Shiraz Uppal,qawwali
R. City,Unknown
Akhil,punjabi pop
Adele,soft pop
Bilal Khan,desi
Yashal Shahid,sufi
Nandini Srikar,bollywood
Mustehsan Khan,Unknown
Quratulain Balouch,sufi
Ram Sampath,bollywood
Amanat Ali,bollywood
Nadeem Sarwar,qawwali
Shuja Haider,sufi
Silk Route,desi pop
Sona Mohapatra,bollywood
Liam Payne,Unknown
Lil Nas X,Unknown
Rarin,Unknown
Lukas Graham,Unknown
Arko,hindi pop
Benny Dayal,bollywood
Rashid Ali,bollywood
JalRaj,hindi indie
Roop Kumar Rathod,bollywood
Kailash Kher,sufi
Stebin Ben,hindi pop
Arjun Kanungo,hindi pop
Anuv Jain,indian indie
Mohit Chauhan,bollywood
Shruti Pathak,gujarati garba
Jonas Blue,tropical house
Alesso,edm
Passenger,folk pop
Chamath Sangeeth,desi pop
Toshi,indian indie
Andro,Unknown
Taylor Cash,Unknown
U/NITISH,Unknown
Glass Animals,Unknown
Ryan Caraveo,Unknown
Marshmello,edm
Doja Cat,Unknown
AJR,Unknown
Zara Larsson,Unknown
Pav Dharia,punjabi pop
Giveon,r&b
SZA,r&b
Rae Sremmurd,Unknown
Juicy J,memphis rap
A Boogie Wit da Hoodie,melodic rap
Amar Arshi,bhangra
Tesher,Unknown
Future,rap
Christina Perri,soft pop
The Vamps,Unknown
Kygo,tropical house
Don Omar,reggaeton
Attaullah Esakhelvi,qawwali
Duncan Laurence,Unknown
Azaan Sami Khan,desi pop
Nikhil D'Souza,bollywood
Jass Manak,punjabi pop
Selena Gomez & The Scene,Unknown
Harnoor,punjabi pop
Gminxr,punjabi hip hop
Diljit Dosanjh,bhangra
Harrdy Sandhu,punjabi pop
Tegi Pannu,punjabi pop
Karan Aujla,punjabi pop
Talwiinder,punjabi hip hop
The PropheC,bhangra
Avicii,edm
SHAED,Unknown
Sajal Aly,Unknown
Kiran Waseem,Unknown
BILAL SAEED,punjabi pop
Rochak Kohli,bollywood
Mika Singh,bollywood
Unni Menon,tamil pop
Meet Bros Anjjan,bollywood
Falak Shabbir,bollywood
Javed Ali,sufi
Shaarib Toshi,bollywood
Hamza Ibrahim,desi hip hop
Darshan Raval,gujarati garba
Amrita Singh,bangla pop
Karan Sehmbi,hindi pop
Jasmine Sandlas,bhangra
Guri,punjabi pop
Saleem Shahzada,bollywood
Sohail Sen,bollywood
Neha Kakkar,bollywood
Yash Tiwari,Unknown
Pk Rajli,haryanvi pop
Armaan Malik,hindi pop
Dhvani Bhanushali,hindi pop
Ash King,bollywood
Naseebo Lal,sufi
Arif Lohar,sufi
Junaid Jamshed,qawwali
Arjan Dhillon,punjabi pop
Shah Farooq,Unknown
Mohammed Rafi,ghazal
Niazi Brothers,sufi
Tina Sani,ghazal
JANI,desi hip hop
Daniel Caesar,Unknown
PARTYNEXTDOOR,r&b
Chris Brown,r&b
Big Sean,Unknown
Brent Faiyaz,r&b
Tove Lo,Unknown
Juice WRLD,melodic rap
Entity Paradigm,desi
The Macarons Project,Unknown
Maggie Lindemann,Unknown
Dimitri Vangelis & Wyman,progressive house
Unknown Brain,Unknown
OneRepublic,soft pop
dvine,hindi hip hop
Hippie Sabotage,Unknown
Gryffin,edm
Gym Class Heroes,Unknown
Sam Fischer,Unknown
Jeremy Zucker,Unknown
Benson Boone,Unknown
Martin Garrix,edm
Alan Walker,Unknown
Jennifer Lopez,Unknown
Chord Overstreet,Unknown
MC Fioti,funk
Living Colour,funk rock
Seven Lions,melodic bass
Ryan Mack,Unknown
Dr. Dre,g-funk
Linkin Park,nu metal
NF,christian hip hop
Ahzee,Unknown
Tones And I,Unknown
Eminem,rap
Pitbull,Unknown
Rauf & Faik,Unknown
Sia,Unknown
Alex & Sierra,Unknown
blackbear,Unknown
Ruth B.,Unknown
Alec Benjamin,Unknown
Prezioso,italo dance
Lord Huron,Unknown
2 Chainz,rap
Samantha Jade,Unknown
Evanescence,alternative metal
XXXTENTACION,emo rap
The Strokes,garage rock
Ingratax,Unknown
Dj Vicky Belgaum,lo-fi
P!nk,Unknown
K-391,Unknown
Alisha Chinai,bollywood
Surinder Kaur,bhangra
Nirvair Pannu,punjabi pop
KSI,Unknown
Shubh,punjabi hip hop
J Trix,desi hip hop
FRENSHIP,Unknown
Ammy Virk,bhangra
Shawn Mendes,pop
Kyoresu,Unknown
Farasat Anees,desi hip hop
Masked Wolf,Unknown
benny blanco,Unknown
Calvin Harris,edm
omer inayat,bollywood
Aaron Smith,Unknown
Lil Tjay,brooklyn drill
Deep Jandu,punjabi pop
NAV,melodic rap
A$AP Ferg,rap
Don Toliver,Unknown
Jaden,Unknown
Metro Boomin,Unknown
Kali Uchis,Unknown
Mike Posner,Unknown
Major Lazer,moombahton
Sal Houdini,Unknown
Ava Max,Unknown
THE SCOTTS,Unknown
Serhat Durmus,Unknown
SLANDER,melodic bass
Raaban,Unknown
League of Legends,Unknown
Astrid S,norwegian pop
fun.,Unknown
Zedd,edm
Jassa Dhillon,punjabi pop
Arya Acharya,Unknown
Shakira,latin pop
Shae Gill,desi
Jawsh 685,Unknown
Akon,Unknown
Tony Kakkar,hindi pop
Neeraj Shridhar,bollywood
Faisal Kapadia,desi hip hop
ACV,vinahouse
Raiden,Unknown
Tashif,bangla pop
Jay Kava,lo-fi
Brown Munde,Unknown
Karakoram,desi hip hop
Prateek Kuhad,indian indie
KSW,lo-fi
Clinton Cerejo,bollywood
Payal Dev,bhajan
Shankar Mahadevan,bollywood
Salem Sandhu,Unknown
DJ Glory,bhajan
Silent Ocean,lo-fi
Deepanshu Ruhela,lo-fi
Sohan Rahman,bangla pop
Bollywood Boys,Unknown
Kishore Kumar,bangla pop
Ankush Rdb,punjabi pop
NseeB,punjabi hip hop
Joyditya Verma,Unknown
Jaura Phagwara,punjabi hip hop
Zehr Vibe,punjabi pop
Jatin-Lalit,bollywood
Rovalio,indian indie
Jaymes Young,Unknown
Kaka,punjabi pop
Navaan Sandhu,punjabi pop
OAFF,indian indie
Anurag Vashisht,hindi indie
Maanu,indian indie
Rihanna,Unknown
Abhay Jodhpurkar,tamil pop
The Walkers,Unknown
Ajay-Atul,marathi pop
dvsn,alternative r&b
Nipsey Hussle,west coast hip hop
Mankirat Aulakh,bhangra
The Animals,classic rock
David Sandhu,punjabi hip hop
Calum Scott,soft pop
Shovon Jaman,Unknown
The Yellow Diary,indian indie
Gunna,melodic rap
Mitraz,indian indie
Desiigner,Unknown
2Pac,gangster rap
Janji,Unknown
Halsey,Unknown
Ice Cube,gangster rap
Ankit Tiwari,bollywood
Jawad Ahmad,bollywood
Jeet-Pritam,bollywood
Kalyanji-Anandji,ghazal
Madan Mohan,bollywood
Babbu Maan,bhangra
Vital Signs,desi
Yasir Soharwardi,qawwali
Laiba Fatima,qawwali
Shafqat Amanat Ali Fakhir,Unknown
Shahnaz Begum,ghazal
Arifa Siddiqi,ghazal
Muhammad Ali Shyhaki,Unknown
Mehnaz,ghazal
Shehzad Roy,desi
Rahat Gaba,qawwali
Priyanka Goyat,haryanvi pop
QARAN,bollywood
Mamta Sharma,bollywood
SULTAN UL QADRIA QAWWAL,qawwali
Mehmood Ul Hassan Ashrafi,qawwali
Vineet Mishra,Unknown
Khudgharz Official,Unknown
Sean Paul,dancehall
Alessia Cara,Unknown
DNCE,Unknown
Julia Michaels,Unknown
Inanna,Unknown
Four of Diamonds,Unknown
Hannah Jane Lewis,Unknown
Kate Bush,art pop
Teriyaki Boyz,Unknown
Cheriimoya,Unknown
Yasser Desai,bollywood
Sukhwinder Singh,bollywood
The Local Train,indian indie
The Score,Unknown
BONES,dark trap
Elley Duhé,Unknown
Lil Rae,Unknown
Darci,Unknown
Egzod,Unknown
Bobby-Imran,bollywood
Arjun,Unknown
Rekha Bhardwaj,bollywood
Anne-Marie,Unknown
Tanveer Evan,bangla pop
Jack & Jack,surf rock
Parth S. Bhalerao,Unknown
Emiway Bantai,hindi hip hop
Sabrina Claudio,Unknown
Çağatay Akman,turkish pop
Pranay.M. Rijia,Unknown
Roxen Band,Unknown
Saemy,hindi hip hop
Dybbukk,Unknown
itssvd,Unknown
Mr.Kitty,witch house
Sierra Kidd,german hip hop
Armani White,Unknown
Umer Farooq,indian indie
Poorvesh Dave,gujarati pop
Soch the Band,sufi
Abdul Hannan,indian indie
Kaifi Khalil,desi
Hassan & Roshaan,indian indie
HYDR,indian indie
Marshall Ahmad,indian indie
Janzeb,Unknown
uzairkay,hindi indie
Faisal Wadood,bangla pop
Mooroo,indian indie
Aaroh,indian indie
Gulam Jugni,sufi
LISA,k-pop
Internet Money,Unknown
JACKBOYS,Unknown
Lil Mosey,melodic rap
Naguale,Unknown
Rudimental,Unknown
Macklemore & Ryan Lewis,Unknown
Pop Smoke,brooklyn drill
Polo G,Unknown
ILLENIUM,melodic bass
JNR CHOI,Unknown
Tiësto,edm
Roddy Ricch,melodic rap
TELYKAST,Unknown
Alok,brazilian bass
Key Glock,memphis rap
SomeWhatSuper,desi
Zarsanga,Unknown
Labrinth,Unknown
Geek Music,anime
Akash Das,Unknown
Krutikov Music,Unknown
Excelsior Hitz 101,Unknown
Katherine Cordova,Unknown
The Notorious B.I.G.,gangster rap
Aahil World,lo-fi
Mickey Singh,bhangra
Sarmad Qadeer,bhangra
Nawab,punjabi pop
J Star,punjabi pop
Jon Bellion,Unknown
Ilkay Sencan,slap house
Dylan Matthew,melodic bass
Zack Knight,desi
Purple Lions,Unknown
Junior dos Santos Silva,classical
The Beach Boys,baroque pop
Talking Heads,new wave
Dead Or Alive,hi-nrg
Andrea Litkei,Unknown
Extreme,glam metal
KISS,glam metal
X-Ray Dog,Unknown
Queen,classic rock
Marc Streitenfeld,soundtrack
Yashita Sharma,gujarati pop
Romy,hindi pop
Khumariyaan,sufi
Faisal,Unknown
Izzchughtai,indian indie
Taha G,indian indie
Somee Chohan,desi hip hop
Seedhe Maut,desi hip hop
Salar Shamas,desi
Asfar Hussain,sufi
Minar Rahman,bangla pop
Halal Beats,Unknown
Zeb Bangash,sufi
Kanwaiyo,Unknown
Level Five,bangla pop
Adil Sultan,desi hip hop
daddy's girl,Unknown
Tanjib Sarowar,bangla pop
Evalian Massey,Unknown
Journey,album rock
Miles Teller,Unknown
Baltic House Orchestra,Unknown
文武贝,Unknown
Melodrama,Unknown
The Foxies,Unknown
Acoustic Beats,Unknown
Varnan,Unknown
Sahara,bhangra
Robin Carolan,Unknown
Jimmy Khan,desi
Qurram Hussain,desi
Aditya A,indian indie
Palak Muchhal,bollywood
Madhur Sharma,qawwali
Céline Dion,variété française
50 Cent,east coast hip hop
Arhum Sameed,indian indie
Yashraj,desi hip hop
Mk 12-D,Unknown
VTORNIK,phonk
Lil Tecca,melodic rap
Mason Murphy,Unknown
Stephen Sanchez,Unknown
Jonas Brothers,Unknown
Katy Perry,pop
Ashe,Unknown
Nessa Barrett,Unknown
GAYLE,Unknown
Fifth Harmony,pop
Proyash,Unknown
K'NAAN,Unknown
Magic System,afro house
Nora Fatehi,desi pop
Nathan Evans,sea shanties
Gurinder Seagal,hindi pop
Shiekh Sadi,bangla pop
Omar Mukhtar,indian indie
Gautam,Unknown
Prashant Katheriya,Unknown
Aditya Rikhari,hindi indie
Vismay Patel,hindi indie
Taaruk Raina,indian indie
aleemrk,desi hip hop
Pavitar Lassoi,punjabi pop
Tati Falco,latin indie
Billy X,punjabi hip hop
Haroon,ghazal
Farhan Saeed,sufi
Sahil THe Rockstar,Unknown
Lehmber Hussainpuri,bhangra
Nouman Khalid,desi
Waqar Ehsin,sufi
Lewis Capaldi,soft pop
Tommee Profitt,Unknown
Dj Vix,bhangra
Malkit Singh,bhangra
JoSH the Band,desi pop
Garry Sandhu,bhangra
Preyas Sangeet,hindi indie
RedOne,moroccan pop
Bass Nation Blitar,funkot
PRXSXNT FXTURE,phonk
Bizzey,moombahton
Rosa Linn,Unknown
Khaled,raï
Fortitude Pukhtoon Core,desi hip hop
Arbaz Khan,bhangra
Jessie J,Unknown
HUTS,slap house
Ghost,metal
creamy,Unknown
Ali Alvi,indian indie
Mst. Anika Akter,qawwali
Chelsea Cutler,Unknown
Crash Adams,Unknown
Labh Janjua,bollywood
Shruti Unwind,qawwali
Shouse,Unknown
Lane 8,melodic house
Syzz,Unknown
Farruko,reggaeton
SlowFez,Unknown
Sleepy Hallow,brooklyn drill
Jack Harlow,Unknown
Jordan Solomon,Unknown
Rich Brian,Unknown
Lil Baby,Unknown
Nicki Minaj,Unknown
404vincent,Unknown
Central Cee,uk drill
NLE Choppa,Unknown
Joyner Lucas,Unknown
Smiley,Unknown
Cardi B,Unknown
Offset,Unknown
Jogger,nu disco
Rod Wave,Unknown
Fetty Wap,Unknown
Cnotti,Unknown
Training Season,Unknown
C3 Boogie,uk drill
Eva Shaw,big room
Trippie Redd,melodic rap
Gucci Mane,southern hip hop
Rema,afrobeats
Lost Stories,indian indie
Caleb Hearn,Unknown
Alexander Stewart,Unknown
Hayd,Unknown
Forest Blakk,spoken word
Jaz Dhami,bhangra
Barney Sku,bangla pop
Nesz,Unknown
Monty Sharma,bollywood
Dean Lewis,Unknown
Digital Farm Animals,Unknown
Sharn,punjabi pop
Bir,punjabi hip hop
Prabh Singh,punjabi hip hop
Riar Saab,punjabi pop
Cheema Y,punjabi pop
Saim Bhat,hindi pop
JONY,Unknown
Fly By Midnight,Unknown
xSyborg,Unknown
Billie Eilish,Unknown
A$AP Rocky,rap
Sanam Marvi,sufi
Sanwal Esakhelvi,qawwali
Alif,indian indie
Kaavish and Quratulain Balouch,hindi indie
Meesha Shafi,sufi
Mohsin Abbas Haider,sufi
Farhan Saeed and Quratulain Balouch,sufi
Bawari Basanti,indian indie
Ahmed Jahanzeb,desi
Momina Mustehsan,sufi
Otnicka,Unknown
Arctic Monkeys,indie
Fariha Pervez,sufi
Abrar Ul Haq,bhangra
Zeeshan Ali,Unknown
Jal -The Band,desi
Ozuna,reggaeton
AVAION,deep house
Sasha Alex Sloan,Unknown
Jabbar Abbas,qawwali
Shivam Sengupta,hindi indie
Jeffrey Iqbal,Unknown
Wajid Layaq,Unknown
Rostam Mirlashari,qawwali
Overload,sufi
Allan Faqeer,sufi
Hamayoon Khan,Unknown
Ismail Khan,Unknown
Alizeh Khan,Unknown
Saf. K,Unknown
Ali Baba Khan,ghazal
Abdullah Siddiqui,indian indie
Tom Odell,Unknown
Ajit Kale,hindi indie
Suzonn,hindi indie
Pratsofficial,indian indie
Ankur Tewari,indian indie
Ishpreet Singh,indian indie
Denny,Unknown
Namita Choudhary,indian indie
Ayushmann Khurrana,bollywood
Kanishk Seth,indian indie
Vicky,lo-fi
Mahalakshmi Iyer,bollywood
Edward Maya,Unknown
Junoon,sufi
Rabbi Shergill,sufi
Parwan Khan,Unknown
Shabnam Majeed,qawwali
Shilpa Rao,bollywood
YNW Melly,melodic rap
SARRB,punjabi pop
Jawad,desi
Anurag Saikia,hindi indie
Bombay Jayashri,tamil pop
Yohani,hindi pop
Beau Young Prince,Unknown
rhianne,Unknown
Elton John,Unknown
Lucky Ali,desi pop
Gesaffelstein,Unknown
Anubha Bajaj,indian indie
Mohammad Faiz,hindi pop
Nouman Javaid,Unknown
Khalid Khan Qawal,qawwali
Sachin Sharma,ghazal
Asif Ali Khan Santoo,qawwali
Hardil Pandya,Unknown
Itz hk,Unknown
Raeth,hindi indie
Sangeet Haldipur,tamil dance
Nayab Khan,Unknown
Roxen,Unknown
Ashiwini Bhardwaj,Unknown
Bhoomi Trivedi,gujarati garba
Deepak Adhikari,qawwali
Raju Singh,bollywood
Sagar Kalra,Unknown
Deepak Rathore Project,indian indie
Dhruv Ghanekar,sufi
Pavan,Unknown
Ishaan Kulkarni,Unknown
Salman SV,Unknown
Jatin Arya,lo-fi
Masroor Fateh Ali Khan,sufi
Sameer Paracha,Unknown
Shuja Hyder,sufi
Wajhi Farooki,soundtrack
JERRY,punjabi pop
Rachel Viccaji,sufi
Tarun Panchal,haryanvi pop
Wajid,qawwali
In the Box,desi
Uzair Jaswal,Unknown
Sunno Music,desi hip hop
Qaab,desi hip hop
Hotel Ugly,Unknown
Pasi harshit,Unknown
Santanu Dey Sarkar,bangla pop
Omkar Singh,Unknown
Shaurya Jha,indian indie
Tanzeel Khan,hindi indie
Nafi Nandi,mollywood
Adnan Ahmed Alam,Unknown
Jackey Mishra,Unknown
shy martin,Unknown
Kavita Seth,bollywood
Ali Tariq,indian indie
The Bassicks,Unknown
Kina,Unknown
Rosie Darling,Unknown
JP Saxe,Unknown
Shani Arshad,soundtrack
Tyson Sidhu,punjabi pop
Saaj Bhatt,bollywood
Miracle Mangal,indian indie
Lauv,Unknown
Fareed Ayaz Abu Muhammad Qawwal & Brothers,qawwali
Porsche Love,Unknown
Sahil Chandi,bhangra
Arshman Khan,qawwali
Raashi Sood,indian indie
Zain Zohaib,qawwali
Raja Hasan,gujarati garba
Rapperiya Baalam,bhajan
Mehdi Hassan,ghazal
Munni Begum,ghazal
Satinder Sartaaj,sufi
Gurdas Maan,bhangra
Farukh Fateh Ali Khan,qawwali
Sohail Rana,Unknown
Ved Sharma,hindi pop
Iqlipse Nova,indian indie
Zeph,Unknown
Haris Wajdhaan,Unknown
Vicetone,edm
Cartoon,Unknown
NEFFEX,Unknown
R3HAB,slap house
Axwell /\ Ingrosso,Unknown
Joel Adams,soft pop
Petit Biscuit,Unknown
Lost Frequencies,tropical house
J Balvin,reggaeton
Aya Nakamura,pop urbaine
Anirudh Ravichander,tamil pop
Mokita,Unknown
vaultboy,Unknown
Avvy Sra,punjabi pop
Bhalwaan,punjabi hip hop
Gupz Sehra,bhangra
Prince Narula,punjabi pop
Sunanda Sharma,bhangra
Hatim,indian indie
Naps,pop urbaine
Los Cantos de la Hinchada,Unknown
Gotye,Unknown
Flo Rida,Unknown
James Arthur,soft pop
Aaryan Shah,Unknown
Russ,Unknown
Alyssa Mendonsa,bollywood
Dikshant,indian indie
Hammad Nadeem,Unknown
Rahul Jain,Unknown
Achint,gujarati garba
Ahmed Jahanzaib,Unknown
Rizwan Anwar,Unknown
Parul Mishra,hindi indie
Ali Haider,desi pop
Azlan Abid,Unknown
Asrar,sufi
sapientdream,Unknown
Lana Del Rey,Unknown
Loud Luxury,Unknown
Faraz Ahmed,ghazal
Nehaal Naseem,indian indie
Shany Haider,desi
Kashmir,indian indie
TheFatRat,Unknown
Arsalan Hasan,hindi indie
Akhtar Chanal Zehri,Unknown
Richie,azonto
Waqar Ali,Unknown
Wajahat Rauf,desi
EI8HT,Unknown
Low Hum,Unknown
Avoure,melodic techno
ZHU,edm
1STVIRGINIA,Unknown
sakehands,Unknown
Moglii,Unknown
Ark Patrol,Unknown
Troye Sivan,Unknown
Sainté,uk drill
JXMESC,Unknown
M83,Unknown
DVRST,phonk
AUR,hindi indie
Jake Scott,Unknown
thiarajxtt,punjabi pop
Aprilwalayaar,Unknown
Towers,indian indie
Sofi Tukker,Unknown
The Game,west coast hip hop
Bhramit Das,Unknown
Sushma Shrestha,ghazal
Kunal Ganjawala,kannada pop
Zubeen Garg,bangla pop
Aadesh Shrivastava,bollywood
Sunidhi Chauhan,bollywood
Dave,grime
SL,uk drill
Arz,uk drill
Parah Dice,Unknown
PedroDJDaddy,Unknown
Hadiqa Kiani,qawwali
Alex1,uk drill
JBEE,uk drill
Jorja Smith,Unknown
Sheff G,brooklyn drill
A1 x J1,uk drill
Rahma Ali Muqaddraan,Unknown
Kitty Witts,Unknown
Goldie Sohel,desi
Hinanaaz,sufi
DJ Shine India,Unknown
Saba,Unknown
Wesley Joseph,Unknown
Jordy,grime
JAY1,grime
COMFY,uk drill
Aaron May,Unknown
Ramz,qawwali
tobi lou,Unknown
Jagjit Singh,ghazal
Retrib,turkish hip hop
Walker,Unknown
Louis 31,Unknown
Loverground,lo-fi house
glue70,vaporwave
Macem Ly,lo-fi beats
Submotion Orchestra,Unknown
toh inc.,Unknown
Nick Hakim,Unknown
Charles Murdoch,lo-fi house
Etari,lo-fi house
Nuage,liquid funk
Three Days Grace,post-grunge
Taimour Baig,desi hip hop
MC SQUARE,haryanvi pop
Addy Nagar,haryanvi pop
M.H.R,malayalam hip hop
Dank Rishu,hindi hip hop
Saad Lamjarred,moroccan pop
Kidjaywest,punjabi hip hop
Irshad Khan,haryanvi pop
Surf Curse,indie
KANKAN,vocaloid
LUCKI,cloud rap
J. Cole,rap
Mae Stephens,Unknown
Sabrina Carpenter,Unknown
Jung Kook,k-pop
Legend Jxxt,Unknown
Aakanksha Sharma,bollywood
Eser Inc.,Unknown
Asees Kaur,hindi pop
Suzzane D'Mello,bollywood
James,Unknown
Peggy Gou,Unknown
Gala,eurodance
Ricchi E Poveri,italo dance
Vegedream,pop urbaine
Roberta Flack,adult standards
NAALAYAK,indian indie
The Midnight,synthwave
ABBA,Unknown
Harshit Saxena,bollywood
Elvis Presley,rockabilly
Sonya Belousova,soundtrack
The Four Lads,adult standards
Cannons,Unknown
Rito Riba,indian indie
JVKE,Unknown
Kid Travis,Unknown
Lil Uzi Vert,melodic rap
Bipolar Sunshine,Unknown
070 Shake,Unknown
Brandz,sexy drill
$uicideboy$,dark trap
Bayou,egyptian hip hop
Boy In Space,Unknown
Omah Lay,afrobeats
Corona,Unknown
Alicia Keys,r&b
Asha Bhosle,ghazal
Manan Bhardwaj,bhajan
Sika Deva,Unknown
AkhSheikh,desi pop
The Dreamcatchers Official,Unknown
Gaurav Chatterji,indian indie
Nakash Aziz,bollywood
Cigarettes After Sex,dream pop
Nanku,desi hip hop
Kanika Kapoor,bollywood
Shashwat Sachdev,indian indie
Kaushik-Guddu,hindi pop
Amit Mishra,bollywood
Big Boi Deep,punjabi hip hop
Juss,punjabi pop
Himonshu Parikh,indian indie
Fareed Ayaz,qawwali
Abhijeet Srivastava,indian indie
Dominique Cerejo,bollywood
Raj Pareek,bhajan
Murshid Ahmed,Unknown
Suman Sridhar,bollywood
Oyyeharry,Unknown
Tom Petty,classic rock
Chandana Dixit,bollywood
RudyWade,Unknown
Jaani,punjabi pop
Rahim Shah,Unknown
Akcent,europop
Quavo,Unknown
CHASE B,Unknown
Ken Carson,rage rap
Luis Fonsi,latin
Maluma,reggaeton
$NOT,Unknown
Danyal Zafar,sufi
Wazir Patar,punjabi hip hop
Nilesh Ahuja,hindi pop
Divya Kumar,bollywood
Kamaal Khan,bollywood
Sadhana Sargam,tamil pop
Anu Malik,bollywood
Junaid Jamshaid,Unknown
Faheem Abdullah,indian indie
Zach Bryan,country
Summer Rios,Unknown
Sean Kingston,Unknown
Mark Ronson,Unknown
Sunny Yaduvanshi,haryanvi pop
Raja Baath,punjabi pop
LOAT!,dark trap
"Tyler, The Creator",Unknown
Sickick,Unknown
Jhené Aiko,r&b
James Mercy,Unknown
James Carter,Unknown
Lost Sky,Unknown
Halcyon,Unknown
Resentvul,dark trap
DeeKay,Unknown
Savi Kahlon,Unknown
j-hope,k-pop
CHANYEOL,k-pop
Tinlicker,melodic house
Ali Abbas,ghazal
Miguel,r&b
JID,Unknown
Raghav Chaitanya,hindi indie
Belly,Unknown
Karun,desi hip hop
Yeat,rage rap
King Von,drill
Playboi Carti,rage rap
Frank Ocean,Unknown
kobzx2z,funkot
Jay Critch,brooklyn drill
Masove,Unknown
Nicky Jam,reggaeton
Chawki,moroccan pop
Trinidad Cardona,Unknown
Karthik Rao,hindi indie
Miley Cyrus,Unknown
FIFA Sound,Unknown
The Rigs,Unknown
Anne Sophie Versnaeyen,Unknown
Clinton Shorter,space music
David Buckley,soundtrack
Gracie Abrams,Unknown
mehro,Unknown
elijah woods,Unknown
yaeow,Unknown
Javed Bashir,sufi
Papon,bollywood
Haley Joelle,Unknown
Aime Simone,Unknown
Stephen Dawes,Unknown
Ronit Vinta,indian indie
Vylom,qawwali
Sickflip,indian indie
Faridkot,indian indie
Emily Watts,Unknown
Louis Armstrong,jazz
Andy Williams,christmas
Vic Damone,adult standards
Catherine Russell,vocal jazz
Ray Charles,jazz blues
Bilaal Malik,Unknown
Oddbot,Unknown
joyvegas,Unknown
CKay,afrobeats
Ayed,khaleeji
Adagio!,underground hip hop
Vikash Arya,Unknown
Akanksha Bhandari,indian indie
Nitin Shukla,Unknown
Garena Free Fire,Unknown
Arif Lohar & Meesha Shafi,Unknown
Malkoo,qawwali
Rowan Drake,Unknown
Old Sea Brigade,indie folk
Hollow Coves,indie folk
Solace,lo-fi
AURORA,norwegian pop
Novo Amor,Unknown
ZIIKS,Unknown
Phantogram,Unknown
Pramod Senapati,Unknown
Natalie Taylor,Unknown
Dhruv,Unknown
Olivia O'Brien,Unknown
PRETTYMUCH,Unknown
Mister Priyanshu,hindi indie
Priyansh Srivastava,indian indie
Turhan James,indian indie
Nayyara Noor,ghazal
Noor Jahan,ghazal
Nafad Sinan,ghazal
Talat Mahmood,ghazal
Uttam Singh,bollywood
Bappi Lahiri,bollywood
Pankaj Udhas,ghazal
Rahul Sharma,bollywood
Waqar Khan,qawwali
Ali Azmat,sufi
Kamal Khan,sufi
Akull,punjabi pop
Shubha Mudgal,gujarati garba
Sandesh Shandilya,bollywood
SYML,Unknown
High Frequency Karaoke,Unknown
Vikram Montrose,Unknown
Sachet-Parampara,bhajan
Aditya Yadav,Unknown
Suriel Hess,Unknown
Munn,ghazal
Anson Seabra,Unknown
Janoobi Khargosh,indian indie
Lyari Underground,Unknown
WORMONO,lo-fi
Mustafa,bollywood
Daniel Schulz,Unknown
Sunil Kamath,Unknown
Arman Cekin,Unknown
Justin Timberlake,Unknown
Sarfaraz Naheed,Unknown
Waseem Badami,qawwali
Urban Crunch Media,Unknown
B.o.B,Unknown
Nicky Youre,Unknown
Waseem Ahmed,qawwali
Intense,punjabi pop
David Kushner,Unknown
Ghostluvme,Unknown
Mukesh,ghazal
Shivam Pathak,bollywood
Snehit Bansal,Unknown
Tarna,punjabi hip hop
Ganeshsingh Rathore,hindi indie
RAAMIS,desi hip hop
Amna Riaz,indian indie
Logic,Unknown
Aditya N.,indian indie
Arsh Mohammed,Unknown
Imdad Hussain,hindi indie
Hamza Malik,Unknown
Anirudh Sharma,hindi indie
Aditya Satpathy,hindi indie
Arham Fulfagar,indian indie
Azeem Choudhry,Unknown
John Denver,folk
Simar Panag,punjabi pop
Itz dhruv,Unknown
Farooq Rind,Unknown
Rajab Ali,qawwali
Adel Farooq,desi
Shazia Khush,Unknown
Atta Ullah Khan Esakhelvi,qawwali
Music Wala,Unknown
Ranjit Barot,Unknown
Krewella,edm
Zion & Lennox,reggaeton
Kaoma,Unknown
Charly Black,dancehall
Maná,rock en español
Carlos Vives,colombian pop
OMI,Unknown
Jesse & Joy,latin pop
Pucho Y Tucutu,Unknown
Anthony Gonzalez,Unknown
Bianca Costa,Unknown
Buscemi,acid jazz
AriBeatz,german hip hop
Manuel Turizo,reggaeton
Felix Jaehn,tropical house
Pindi Boyz,desi hip hop
Salim Merchant,bollywood
Amandeep Singh,sufi
Arash,afro house
Mattyas,europop
Sasha Lopez,Unknown
LaRoxx Project,Unknown
Global Deejays,Unknown
DJ Goja,deep house
Kate Linn,Unknown
Yves Larock,Unknown
Kurtuluş Kuş,turkish pop
Reynmen,turkish pop
Ömer Faruk Bostan,oyun havasi
Ezhel,turkish hip hop
Dimitri Vegas & Like Mike,big room
Stromae,french pop
Regard,Unknown
Landy,pop urbaine
Naza,Unknown
Fiji Blue,Unknown
6LACK,Unknown
Bebe Rexha,Unknown
Ali Hamza,qawwali
REMEDIOS,anime
America,soft rock
Bill Withers,soul
Aramis,Unknown
Green Day,punk
Khamaaj,sufi
LORYN,Unknown
Tom Walker,Unknown
Paige,melodic house
Diplo,moombahton
Elderbrook,Unknown
Don Diablo,future house
Keane,Unknown
Louyah,Unknown
loyalties,Unknown
Woodlock,indie folk
Hloshit,Unknown
James Quinn,Unknown
Frank Sinatra,christmas
Sunny Suljic,Unknown
Kane Brown,country
Jawad Kahlown,Unknown
Shani Malik,qawwali
Sara Haider,sufi
Naseem Begum,ghazal
Zakir Mir Mughal,Unknown
Conan Gray,Unknown
Kim Petras,Unknown
Madison Beer,Unknown
Shafaqat Ali,Unknown
Poo Bear,Unknown
Chase Atlantic,Unknown
Jojo Nathaniel,bollywood
Aditya Narayan,bollywood
Vincent Boral,desi pop
Dj Reed,Unknown
Gente De Zona,latin
Andrea Bocelli,opera
Virginio Aiello,Unknown
Daprinski,Unknown
Jóhann Jóhannsson,neoclassical
Fabrizio Paterlini,neoclassical
Frédéric Schubert,Unknown
Borrtex,Unknown
Daniel Pemberton,soundtrack
Megami,Unknown
Maxence Cyrin,Unknown
Austin Farwell,Unknown
Kai Engel,neoclassical
Jef Martens,Unknown
Evgeny Grinko,Unknown
Norman Dück,Unknown
Justin Hurwitz,Unknown
A. Blomqvist,Unknown
Javier Navarrete,soundtrack
Brooklyn Duo,Unknown
Ludovico Einaudi,neoclassical
Joep Beving,neoclassical
Paul Roggenbuck,Unknown
Danilo Stankovic,Unknown
Max Richter,neoclassical
Andrea Vanzo,Unknown
Mattia Vlad Morleo,neoclassical
Emiliano Blangero,Unknown
On Piano,Unknown
Antonio Vivaldi,classical
Woodsman,Unknown
Piano Turca,Unknown
Edvard Kravchuk,Unknown
James Heather,neoclassical
Mercuzio Pianist,Unknown
Patrick Watson,Unknown
Akshit Kukkreja,Unknown
Vincent Delerm,chanson
Craig Wedren,Unknown
Illuminine,neoclassical
Hazy,Unknown
Øneheart,dark ambient
Ben Crosland,Unknown
Gabríel Ólafs,neoclassical
Janos Sebestyen,classical
Aram Khachaturian,classical
Arelius,Unknown
Roque Baños,Unknown
hazel,vietnamese hip hop
Shenseea,dancehall
John Powell,soundtrack
Improline,Unknown
Amity Fall,Unknown
Jean Sibelius,classical
Wali Bakhat Warraich,indian indie
Avinash Nayak,Unknown
Libianca,afrobeats
FYDE,Unknown
FIFTY FIFTY,k-pop
DJ Flow,punjabi pop
Khan Bhaini,punjabi pop
Beatrice,Unknown
SAINt JHN,Unknown
Joji,Unknown
Harry Hudson,Unknown
MASN,Unknown
SadBoyProlific,Unknown
Tyla Yaweh,melodic rap
Powfu,Unknown
Teqkoi,Unknown
Alexander 23,Unknown
Surf Mesa,Unknown
Melanie Martinez,Unknown
flora cash,Unknown
Sleeping At Last,Unknown
HELLSTRVCK,Unknown
Abbas Ali Khan,sufi
Evdeki Saat,turkish pop
Dzharo & Khanza,Unknown
Young Thug,rap
Amjad Sabri,qawwali
Amanat Ali & Sanam Marvi,Unknown
Saieen Zahoor & Noori,Unknown
Arieb Azhar,Unknown
Priyesh Vakil,bollywood
Jahnvi Shrimankar,gujarati garba
Vayu,gujarati garba
Daler Mehndi,bhangra
Moneybagg Yo,memphis rap
Harjot K Dhillon,sufi
ConKi,Unknown
Bryan Adams,Unknown
Tame Impala,indie
Lithe,Unknown
Michael Hunter,Unknown
Morgan Wallen,country
New West,Unknown
Umair,desi hip hop
John-Robert,Unknown
Pink Floyd,progressive rock
Thomas Hien,Unknown
Young Stoner Life,Unknown
Ty Myers,country
Dayglow,indie rock
Liv Harland,Unknown
Harshdeep Kaur,bollywood
Ranbir Kapoor,bollywood
Myles Smith,Unknown
CLMD,Unknown
Suraj Jagan,bollywood
Dr. Dog,Unknown
WIU,brazilian trap
Owen Riegling,country
Shashaa Tirupati,hindi pop
The 1975,Unknown
The Ambassadors,african gospel
Shantanu Moitra,bollywood
Lil Wayne,rap
d4vd,Unknown
¥$,Unknown
Adam Yokum,Unknown
Brandon Rosen,Unknown
Holly Humberstone,Unknown
Good Neighbours,Unknown
Karan Kanchan,desi hip hop
Zahoor,qawwali
Noelle Johnson,Unknown
D-Block Europe,grime
DJ Belite,Unknown
Jeremih,Unknown
Lizzy McAlpine,Unknown
Supreme Sidhu,punjabi hip hop
Bryan Elijah Smith,Unknown
Danny,indian indie
The Smiths,new wave
Dasha,Unknown
Young Maylay,Unknown
JPL,Unknown
The Bangles,jangle pop
Kavinsky,synthwave
ZITA,Unknown
Niall Horan,Unknown
Ron Pope,Unknown
George Strait,country
Aries,Unknown
Sam Smith,soft pop
EDEN,Unknown
Masroor Ali Khan,qawwali
Sade,Unknown
Anitta,Unknown
You Me At Six,pop punk
Young Ejecta,synthpop
The Wailin' Jennys,bluegrass
Crooked Still,bluegrass
Kabir Cafe,bhajan
TOTO,soft rock
qhabb,guaracha
orbit,stutter house
Max Elto,Unknown
girl in red,bedroom pop
Alphaville,synthpop
Kaleb Jones,Unknown
LeAnn Rimes,Unknown
Greg Ferreira,brazilian trap
Natasha Bedingfield,Unknown
Teddy Swims,Unknown
a-ha,new wave
TWXN,Unknown
Djo,psychedelic pop
Noman Ali Rajper,desi pop
TV Girl,Unknown
JAY-Z,hip hop
Charlie Jeer,jazz house
Shazia Manzoor,bhangra
Carter Ryan,Unknown
DJ Shadow,trip hop
Khawar Jawad,sufi
Lady Gaga,art pop
Imran Aziz Mian,qawwali
Devi Sri Prasad,telugu pop
Aditi Singh Sharma,bollywood
,egyptian pop
Bon Jovi,glam metal
Lil Peep,emo rap
Afsana Khan,Unknown
Gurshabad,bhangra
Richa Sharma,sufi
Chezile,Unknown
John Mayer,singer-songwriter
Iyaz,Unknown
Latto,Unknown
Baby Keem,Unknown
Kodak Black,Unknown
Victony,afrobeats
Money Man,Unknown
Quality Control,Unknown
Timbaland,Unknown
yung kai,Unknown
NAYEL,hindi indie
Nelly Furtado,Unknown
Nelly,Unknown
dopuu,Unknown
Elliot James Reay,Unknown
Matthew Ifield,Unknown
JENNIE,k-pop
Adrian,Unknown
IanPlug,Unknown
Beatzordie,Unknown
Trashy.YL,Unknown
M3G4,Unknown
ZZang KARAOKE,Unknown
Spenceolsman,Unknown
BLACKPINK,k-pop
WORK OUT GYM - DJ MIX,Unknown
Star Shah,indian indie
Stevie Wonder,motown
ROSÉ,k-pop
Mark Ambor,Unknown
A3R0,Unknown
Lay Bankz,jersey club
John Williams,soundtrack
Howard Shore,soundtrack
Mariam Aftab,Unknown
Charlotte Lawrence,Unknown
TOOL,progressive metal
Steve Lacy,Unknown
Laddi Chahal,punjabi pop
Sukha,punjabi hip hop
Childish Gambino,Unknown
Joey Bada$$,hip hop
Cochise,rage rap
Sheck Wes,Unknown
Chief Keef,drill
Meek Mill,rap
Jyotica Tangri,bollywood
Aashir Wajahat,hindi indie
Justh,hindi indie
Vikrant Dhaka,punjabi hip hop
Shadab Faridi,bollywood
Akashdeep Sengupta,hindi pop
mikeeysmind,Unknown
GoldLink,Unknown
Sevven,Unknown
lucidbeatz,Unknown
GOYA PIETER,mandopop
Moriantezz,Unknown
CSeeGHOSTS,Unknown
ADUSO,Unknown
Caleb Bryant,Unknown
skyfall beats,Unknown
Wejoell,hardstyle
miyonex,Unknown
Courten,Unknown
Amitabh Bhattacharya,bollywood
Abhishek Bhatt,Unknown
Shriya Jain,hindi indie
Manpreet Dhillon,Unknown
Arjun Sahota,Unknown
Jashan Brar,punjabi hip hop
Abdullah Khan,indian indie
Hiten,desi hip hop
Her's,indie
Mansheel Gujral,hindi pop
PEDRO SAMPAIO,funk
Colonel Bagshot,Unknown
Alfaaz,punjabi pop
Paradox,hindi hip hop
R Maan,haryanvi pop
Sunny Subramanian,bollywood
QB,sufi
Meena Gul,qawwali
Pankaj Mistry,gujarati pop
Manish Adtani,Unknown
Bela Shende,marathi pop
Syd Hadi Om,Unknown
Rapkid Arfat,Unknown
Suranjit Das,Unknown
tricksingh,desi hip hop
Qari Abdul Khaliq,Unknown
Isabel LaRosa,Unknown
YOASOBI,j-pop
TakaseToya,j-pop
PLAZA,Unknown
Harley,Unknown
Akbar Alam,sufi
Mekaal Hasan Band,sufi
Syed Tajamul,qawwali
Simran Choudhary,hindi pop
Goher Mumtaz,qawwali
Lil Yachty,Unknown
Komal Rizvi,sufi
Zoheb Hassan,desi pop
TPWB,devotional
CARBON,punjabi hip hop
Skylar,Unknown
Ani Thapa,Unknown
Its Sahil,Unknown
Aniroudh Sharma,Unknown
Zamad Baig,qawwali
Kushagra,indian indie
Lavanya Dixit,Unknown
Aden,punjabi pop
MATH,Unknown
Boey P Beatz,Unknown
Matt Sassari,tech house
Sabri Sisters,desi
Amrit Maan,bhangra
Gulab Sidhu,punjabi pop
John Legend,soft pop
Travie McCoy,Unknown
Rich Amiri,rage rap
Aditya Bhardwaj,indian indie
John Newman,Unknown
NBSPLV,Unknown
Hypaton,Unknown
Beach Weather,Unknown
Daft Punk,french house
Galantis,Unknown
cassö,hypertechno
Imany,Unknown
MAGIC!,Unknown
Modern Talking,italo disco
SUICIDAL-IDOL,hyperpop
Spacey Jane,surf rock
Kid Cudi,Unknown
The Temper Trap,Unknown
Rashmeet Kaur,desi pop
Chill Me Out,Unknown
Naughty Boy,Unknown
Azhar Abbas,sufi
Richy Mitch & The Coal Miners,Unknown
Tears For Fears,new wave
Tommy Richman,Unknown
RAYE,Unknown
Dynoro,Unknown
Imanbek,slap house
BOOTY LEAK,hypertechno
BENNETT,hypertechno
James Hype,house
Matt Maltese,Unknown
Abi Sampa,qawwali
Kesha,Unknown
Robin Schulz,tropical house
Jimmy Whoo,Unknown
Elle Valenci,Unknown
Aze,qawwali
TWO LANES,Unknown
Lonely in the Rain,Unknown
Incredible Polo,Unknown
PaulWetz,Unknown
Mindchatter,Unknown
Zimmer,nu disco
LIE NING,Unknown
Hugo Santini,lo-fi beats
Piyush Mishra,bollywood
Shubhranshu Tiwari,hindi indie
Sameer Zulfi,Unknown
Keshav Tyohar,hindi indie
Amartya Bobo Rahut,indian indie
Debashiz,Unknown
Novulent,shoegaze
CORBAL,Unknown
KXLLSWXTCH,dark trap
Skeeter Davis,Unknown
Kapa Boy,Unknown
Timmies,Unknown
Papithbk,Unknown
Train,soft pop
Dhanda Nyoliwala,haryanvi pop
Empire Of The Sun,Unknown
Artemas,Unknown
фрози,Unknown
The Marías,bedroom pop
Tyla,afrobeats
Vance Joy,folk pop
Los Del Rio,Unknown
Xavier Wulf,cloud rap
Rahul Mishra,Unknown
Anushka Shahaney,Unknown
Veronica Mehta,bhangra
Yash Narvekar,bollywood
Gabry Ponte,slap house
Creeds,techno
Öwnboss,Unknown
Joel Corry,dance pop
ATHYN,hypertechno
Lucky Luke,slap house
Michael Jackson,Unknown
Kardinal Offishall,Unknown
Henrik,christian folk
Helve,Unknown
Only,Unknown
GREGO,piseiro
Cave,anime
Kant,brazilian trap
Tiago PZK,argentine trap
Different Heaven,dubstep
Deaf Kev,Unknown
Disfigure,Unknown
Electro-Light,Unknown
Spektrem,Unknown
Jim Yosef,Unknown
Diviners,tropical house
Krys Talk,Unknown
Lensko,Unknown
Culture Code,melodic bass
Tauseef Akhtar,qawwali
Anuradha Paudwal,bhajan
Mohammed Aziz,ghazal
Amit Roy Roy,Unknown
Amjad Baltistani,qawwali
Carly Rae Jepsen,Unknown
Mr. Probz,Unknown
George Michael,Unknown
Tayc,pop urbaine
Glorb,meme rap
Young the Giant,Unknown
Kaysha,kizomba
Lil S,uk drill
Panjabi MC,bhangra
Wael Kfoury,khaleeji
Zubair Nawaz,Unknown
USHER,r&b
Britney Spears,pop
Foster The People,Unknown
Ragasur,hindi hip hop
Mannat Noor,bhangra
Karamel Kel,dark ambient
Ice Spice,Unknown
Chappell Roan,Unknown
KIRXSHA,phonk
Raiyan,Unknown
Lou Garcia,brazilian pop
Jordan Adetunji,sexy drill
Asake,afrobeats
Bluesss,Unknown
KSHMR,big room
Shamur,desi pop
When Chai Met Toast,indian indie
Samuel - Akanksha,bollywood
SACAR aka Lil Buddha,Unknown
Juice Newton,Unknown
Rober Hatemo,turkish pop
Sub Urban,Unknown
May J.,j-r&b
Tamino,Unknown
Lewis Hanton,Unknown
Alex Yurkiv,worship
Bunny,Unknown
Faheem Ali,qawwali
Ahemad Razvi,qawwali
AC/DC,rock
Eurythmics,new wave
The Police,Unknown
Rick Astley,Unknown
Creedence Clearwater Revival,classic rock
*NSYNC,Unknown
Satyajeet Jena,Unknown
Greed for Ganja,desi hip hop
JacobTrapLord,Unknown
Josh Ritter,americana
The White Buffalo,gothic country
Sara Watkins,newgrass
Lucy Wainwright Roche,Unknown
Phil Collins,soft rock
Cutting Crew,Unknown
Vansire,bedroom pop
hako,Unknown
Eibell,Unknown
Gustixa,Unknown
Noah Kahan,Unknown
NIKI,Unknown
Qurat-ul-Ain Balouch & Shuja Haider,sufi
Kavita Krishnamurthy,bollywood
DHARIA,Unknown
Kaléra,punjabi pop
HRJXT,punjabi hip hop
Davy,punjabi pop
B. Ajaneesh Loknath,kannada pop
Unknown,Unknown
